04-Feb-19,10876.75,10912.25,,0.325322459,5,,,5,,,5
05-Feb-19,10908.65,10934.35,,0.23503912,5,,0.292428486,5,,0.202115352,5
06-Feb-19,10965.1,11062.45,,0.880003977,5,,0.514815186,5,,1.157971335,6
07-Feb-19,11070.45,11069.4,,-0.009485609,4,,0.951632499,5,,0.062785698,5
08-Feb-19,11023.5,10943.6,,-0.730107095,4,,-0.425908287,4,,-1.149530319,3
11-Feb-19,10930.9,10888.8,,-0.386635809,4,,-0.84713976,4,,-0.503269414,4
12-Feb-19,10879.7,10831.4,,-0.445925734,4,,-0.470601211,4,,-0.529940728,4
13-Feb-19,10870.55,10793.65,,-0.712455935,4,,-0.084172374,4,,-0.349742673,4
14-Feb-19,10786.1,10746.05,,-0.372695083,4,,-0.782952133,4,,-0.442953457,4
15-Feb-19,10780.25,10724.4,,-0.520775055,4,,-0.054265903,4,,-0.201876096,4
18-Feb-19,10738.65,10640.95,,-0.918151105,4,,-0.387385751,4,,-0.78423449,4
19-Feb-19,10636.7,10604.35,,-0.305063488,4,,-0.958473963,4,,-0.345141381,4
20-Feb-19,10655.45,10735.45,,0.745194659,5,,0.17596629,5,,1.221187747,6
21-Feb-19,10744.1,10789.85,,0.424009602,5,,0.825104011,5,,0.504177537,5
22-Feb-19,10782.7,10791.65,,0.082934491,5,,0.35798084,5,,0.016679562,5
25-Feb-19,10813.25,10880.1,,0.6144245,5,,0.282523756,5,,0.812952087,5
26-Feb-19,10775.3,10835.3,,0.553745628,5,,-0.35219437,4,,-0.413463402,4
27-Feb-19,10881.2,10806.65,,-0.689853007,4,,0.973238246,5,,-0.265114536,4
28-Feb-19,10865.7,10792.5,,-0.678248784,4,,-0.142650727,4,,-0.131109567,4
01-Mar-19,10842.65,10863.5,,0.191927095,5,,-0.212586406,4,,0.653564689,5
05-Mar-19,10864.85,10987.45,,1.115818502,6,,0.204328638,5,,1.128105247,6
06-Mar-19,11024.85,11053,,0.254681987,5,,1.451266911,6,,0.59305166,5
07-Mar-19,11077.95,11058.2,,-0.178600496,4,,0.479330562,5,,0.047023928,5
08-Mar-19,11038.85,11035.4,,-0.031263026,4,,-0.354203563,4,,-0.206607826,4
11-Mar-19,11068.75,11168.05,,0.889143584,5,,0.27012987,5,,1.187763307,6
12-Mar-19,11231.35,11301.2,,0.618075957,5,,1.447733354,6,,1.178193466,6
13-Mar-19,11326.2,11341.7,,0.136663816,5,,0.837438859,5,,0.357089325,5
14-Mar-19,11382.5,11343.25,,-0.346020761,4,,0.494618933,5,,0.013664514,5
15-Mar-19,11376.85,11426.85,,0.437565908,5,,-0.049662253,4,,0.731610199,5
18-Mar-19,11473.85,11462.2,,-0.101638429,4,,0.845400628,5,,0.308405018,5
19-Mar-19,11500.3,11532.4,,0.278346225,5,,0.229994,5,,0.608719781,5
20-Mar-19,11553.35,11521.05,,-0.280356391,4,,0.459174179,5,,-0.098515326,4
22-Mar-19,11549.2,11456.9,,-0.805628049,4,,-0.035933225,4,,-0.559924587,4
25-Mar-19,11395.65,11354.25,,-0.364621177,4,,-1.347443981,3,,-0.904066759,4
26-Mar-19,11375.2,11483.25,,0.940935711,5,,-0.179777059,4,,1.123375351,6
27-Mar-19,11531.45,11445.05,,-0.754911512,4,,1.354990049,6,,-0.333768747,4
28-Mar-19,11463.65,11570,,0.919187554,5,,-0.591434665,4,,1.079948142,6
29-Mar-19,11625.45,11623.9,,-0.013334595,4,,1.391774082,6,,0.463699791,5
01-Apr-19,11665.2,11669.15,,0.033849938,5,,0.340757124,5,,0.387774602,5
02-Apr-19,11711.55,11713.2,,0.014086671,5,,0.395763157,5,,0.376071441,5
03-Apr-19,11735.3,11643.95,,-0.784527587,4,,0.202380851,5,,-0.594729452,4
04-Apr-19,11660.2,11598,,-0.536299362,4,,-0.644071285,4,,-0.396188998,4
05-Apr-19,11638.4,11665.95,,0.236157364,5,,-0.187310971,4,,0.582464351,5
08-Apr-19,11704.35,11604.5,,-0.86044207,4,,0.56346572,5,,-0.529535956,4
09-Apr-19,11612.05,11671.95,,0.513196167,5,,-0.794863956,4,,0.57788116,5
10-Apr-19,11646.85,11584.3,,-0.539954939,4,,0.298793236,5,,-0.756627504,4
11-Apr-19,11592.55,11596.7,,0.035786043,5,,-0.468404277,4,,0.106926971,5
12-Apr-19,11612.85,11643.45,,0.262808704,5,,0.174806357,5,,0.401513297,5
15-Apr-19,11667,11690.35,,0.19973739,5,,0.464129596,5,,0.401185593,5
16-Apr-19,11736.2,11787.15,,0.432250374,5,,0.58962867,5,,0.821233292,5
18-Apr-19,11856.15,11752.8,,-0.879364917,4,,1.011711222,6,,-0.292270778,4
22-Apr-19,11727.05,11594.45,,-1.143650626,3,,-1.100873621,3,,-1.365739643,3
23-Apr-19,11612.95,11575.95,,-0.319628195,4,,-0.98252382,4,,-0.159814097,4
24-Apr-19,11601.5,11726.15,,1.063008745,6,,-0.098694134,4,,1.280897822,6
25-Apr-19,11735.7,11641.8,,-0.806576303,4,,1.143519347,6,,-0.724544314,4
26-Apr-19,11683.75,11754.65,,0.603165556,5,,-0.444634642,4,,0.960045599,5
30-Apr-19,11748.75,11748.15,,-0.005107187,4,,0.553250346,5,,-0.05532786,4
02-May-19,11725.55,11724.75,,-0.006823173,4,,-0.197858523,4,,-0.199577816,4
03-May-19,11722.6,11712.25,,-0.088369015,4,,-0.025165066,4,,-0.106725864,4
06-May-19,11605.8,11598.25,,-0.065096027,4,,-1.006393355,3,,-0.982906904,4
07-May-19,11651.5,11497.9,,-1.33589612,3,,0.392224177,5,,-0.872768071,4
08-May-19,11478.7,11359.45,,-1.049786741,3,,-1.505396953,3,,-1.218809009,3
09-May-19,11322.4,11301.8,,-0.182271851,4,,-1.380449375,3,,-0.510095737,4
10-May-19,11314.15,11278.9,,-0.312530477,4,,-0.072917541,4,,-0.203033984,4
13-May-19,11258.7,11148.2,,-0.991191403,4,,-0.492508016,4,,-1.172386574,3
14-May-19,11151.65,11222.05,,0.62733636,5,,-0.959947631,4,,0.658079406,5
15-May-19,11271.7,11157,,-1.028054136,3,,1.065056735,6,,-0.583042036,4
16-May-19,11180.35,11257.1,,0.681791936,5,,-0.8170585,4,,0.889216583,5
17-May-19,11261.9,11407.15,,1.273324187,6,,0.724122928,5,,1.315403059,6
20-May-19,11651.9,11828.25,,1.490922157,6,,3.347093607,7,,3.560120897,7
21-May-19,11863.65,11709.1,,-1.319913571,3,,1.784863849,6,,-1.017584614,3
22-May-19,11727.95,11737.9,,0.084768144,5,,-1.15706496,3,,0.245359051,5
23-May-19,11901.3,11657.05,,-2.095298553,2,,1.456563569,6,,-0.693571701,4
24-May-19,11748,11844.1,,0.81137444,5,,-1.304902962,3,,1.579267315,6
27-May-19,11855.5,11924.75,,0.580724963,5,,0.90675214,5,,0.676324451,5
28-May-19,11958.35,11928.75,,-0.248139998,4,,0.860068488,5,,0.033532432,5
29-May-19,11905.8,11861.1,,-0.37686218,4,,-0.441381512,4,,-0.570351822,4
30-May-19,11865.3,11945.9,,0.674708477,5,,-0.341331445,4,,0.709866984,5
31-May-19,11999.8,11922.8,,-0.645821451,4,,1.120852014,6,,-0.193746435,4
03-Jun-19,11953.75,12088.55,,1.115104789,6,,-0.385234759,4,,1.371132187,6
04-Jun-19,12052.65,12021.65,,-0.257868096,4,,0.820566431,5,,-0.556495988,4
06-Jun-19,12039.8,11843.75,,-1.65530343,3,,-0.106729348,4,,-1.502058047,3
07-Jun-19,11865.2,11870.65,,0.045911555,5,,-1.471530189,3,,0.226609326,5
10-Jun-19,11934.9,11922.7,,-0.102325815,4,,0.584001542,5,,0.436562188,5
11-Jun-19,11959.85,11965.6,,0.048054423,5,,0.208614657,5,,0.35852778,5
12-Jun-19,11962.45,11906.2,,-0.472442929,4,,0.021734678,5,,-0.498899733,4
13-Jun-19,11873.9,11914.05,,0.336997075,5,,-0.745753291,4,,0.065888594,5
14-Jun-19,11910.1,11823.3,,-0.734143598,4,,0.303943712,5,,-0.767552206,4
17-Jun-19,11844,11672.15,,-1.472308015,3,,-0.558088484,4,,-1.294962796,3
18-Jun-19,11677.05,11691.5,,0.123594064,5,,-1.429727542,3,,0.165504854,5
19-Jun-19,11744.45,11691.45,,-0.453322727,4,,0.573888092,5,,-0.000427663,4
20-Jun-19,11653.65,11831.75,,1.505271832,6,,-0.779155029,4,,1.185792465,6
21-Jun-19,11827.6,11724.1,,-0.882796974,4,,1.470712571,6,,-0.918194147,4
24-Jun-19,11725.8,11699.65,,-0.22351096,4,,-0.868171042,4,,-0.208980611,4
25-Jun-19,11681,11796.45,,0.978684265,5,,-0.383528807,4,,0.820585854,5
26-Jun-19,11768.15,11847.55,,0.670180755,5,,0.740558202,5,,0.431312803,5
27-Jun-19,11860.85,11841.55,,-0.16298542,4,,0.781562873,5,,-0.050669042,4
28-Jun-19,11861.15,11788.85,,-0.613291373,4,,0.002529266,5,,-0.447032577,4
01-Jul-19,11839.9,11865.6,,0.216592503,5,,-0.179477867,4,,0.646827805,5
02-Jul-19,11890.3,11910.3,,0.167921883,5,,0.423874923,5,,0.375305408,5
03-Jul-19,11932.15,11916.75,,-0.129229866,4,,0.350733103,5,,0.054125496,5
04-Jul-19,11928.8,11946.75,,0.150250068,5,,-0.028083294,4,,0.25111432,5
05-Jul-19,11964.75,11811.15,,-1.300466085,3,,0.300465952,5,,-1.148067716,3
08-Jul-19,11770.4,11558.6,,-1.832401848,3,,-1.651175831,3,,-2.184953195,2
09-Jul-19,11531.6,11555.9,,0.210282194,5,,-2.070831454,2,,-0.023364688,4
10-Jul-19,11536.15,11498.9,,-0.323944029,4,,0.039441235,5,,-0.495699589,4
11-Jul-19,11561.45,11582.9,,0.185186784,5,,0.218830683,5,,0.725206986,5
12-Jul-19,11601.15,11552.5,,-0.421120969,4,,0.342207454,5,,-0.263146505,4
15-Jul-19,11614.75,11588.35,,-0.227815004,4,,0.11709249,5,,0.30936242,5
16-Jul-19,11596.65,11662.6,,0.565482825,5,,-0.156079557,4,,0.63665049,5
17-Jul-19,11670.75,11687.5,,0.143315508,5,,0.634920635,5,,0.213048128,5
18-Jul-19,11675.6,11596.9,,-0.678629634,4,,0.041539621,5,,-0.781243263,4
19-Jul-19,11627.95,11419.25,,-1.827615649,3,,-0.409788484,4,,-1.555706373,3
22-Jul-19,11392.85,11346.2,,-0.41115087,4,,-2.063574961,2,,-0.64382789,4
23-Jul-19,11372.25,11331.05,,-0.363602667,4,,-0.181142694,4,,-0.133703408,4
24-Jul-19,11322.45,11271.3,,-0.453807458,4,,-0.439834135,4,,-0.530107441,4
25-Jul-19,11290.4,11252.15,,-0.339935035,4,,-0.283869482,4,,-0.170189697,4
26-Jul-19,11247.45,11284.3,,0.326559911,5,,-0.381864334,4,,0.284909122,5
29-Jul-19,11307.5,11189.2,,-1.05726951,3,,0.531063453,5,,-0.849926715,4
30-Jul-19,11213.7,11085.4,,-1.157378173,3,,-0.83647681,4,,-0.936366753,4
31-Jul-19,11034.05,11118,,0.755081849,5,,-1.628141979,3,,0.293218205,5
01-Aug-19,11060.2,10980,,-0.730418944,4,,0.236433338,5,,-1.256830601,3
02-Aug-19,10930.3,10997.35,,0.609692335,5,,-1.188439476,3,,0.15776528,5
05-Aug-19,10895.8,10862.6,,-0.305635851,4,,-0.316635768,4,,-1.240494909,3
06-Aug-19,10815.4,10948.25,,1.213435937,6,,-0.743384433,4,,0.782316809,5
07-Aug-19,10958.1,10855.5,,-0.945143015,4,,1.302233051,6,,-0.854405601,4
08-Aug-19,10899.2,11032.45,,1.207800625,6,,-0.540406635,4,,1.603904844,6
09-Aug-19,11087.9,11109.65,,0.195775745,5,,1.701855175,6,,0.694891378,5
13-Aug-19,11139.4,10925.85,,-1.954539006,3,,0.462322926,5,,-1.682248978,3
14-Aug-19,11003.25,11029.4,,0.237093586,5,,-1.237361689,3,,0.938854335,5
16-Aug-19,11043.65,11047.8,,0.03756404,5,,0.365821083,5,,0.166548996,5
19-Aug-19,11094.8,11053.9,,-0.370005157,4,,0.461026787,5,,0.055184143,5
20-Aug-19,11063.9,11017,,-0.425705728,4,,-0.279286689,4,,-0.334936916,4
21-Aug-19,11018.15,10918.7,,-0.910822717,4,,-0.415223971,4,,-0.900290328,4
22-Aug-19,10905.3,10741.35,,-1.526344454,3,,-1.034817933,3,,-1.651095998,3
23-Aug-19,10699.6,10829.35,,1.198132852,6,,-1.922501776,3,,0.812606481,5
26-Aug-19,11000.3,11057.85,,0.520444752,5,,2.733561812,7,,2.066405314,7
27-Aug-19,11106.55,11105.35,,-0.010805603,4,,0.956642702,5,,0.427721774,5
28-Aug-19,11101.3,11046.1,,-0.499723884,4,,-0.047291759,4,,-0.536388409,4
29-Aug-19,10996.05,10948.3,,-0.436140771,4,,-0.95716189,4,,-0.893289369,4
30-Aug-19,10987.8,11023.25,,0.321592997,5,,-0.075083274,4,,0.679926519,5
03-Sep-19,10960.95,10797.9,,-1.510015836,3,,-0.244960519,4,,-2.086979876,2
04-Sep-19,10790.4,10844.65,,0.500246665,5,,-1.580571619,3,,0.43108814,5
05-Sep-19,10860.95,10847.9,,-0.120299782,4,,0.649574853,5,,0.029959716,5
06-Sep-19,10883.8,10946.2,,0.570060843,5,,0.209945056,5,,0.89802854,5
09-Sep-19,10936.7,11003.05,,0.603014619,5,,0.483692522,5,,0.516674922,5
11-Sep-19,11028.5,11035.7,,0.065242803,5,,0.832388811,5,,0.295857988,5
12-Sep-19,11058.3,10982.8,,-0.68743854,4,,0.269480842,5,,-0.481662235,4
13-Sep-19,10986.8,11075.9,,0.8044493,5,,-0.650780937,4,,0.840563747,5
16-Sep-19,10994.85,11003.5,,0.078611351,5,,0.073216097,5,,-0.657972463,4
17-Sep-19,11000.1,10817.6,,-1.687065523,3,,0.047726839,5,,-1.718495785,3
18-Sep-19,10872.8,10840.65,,-0.296568933,4,,-1.170811566,3,,0.212625627,5
19-Sep-19,10845.2,10704.8,,-1.311561169,3,,-0.254490466,4,,-1.269056872,3
20-Sep-19,10746.8,11274.2,,4.677937237,6,,-0.915621394,4,,5.050469213,7
23-Sep-19,11542.7,11600.2,,0.495681109,5,,6.895267139,7,,2.810296374,7
24-Sep-19,11590.7,11588.2,,-0.02157367,4,,0.414125118,5,,-0.103553615,4
25-Sep-19,11564.85,11440.2,,-1.089578854,3,,-0.223522138,4,,-1.293683677,3
26-Sep-19,11469.85,11571.2,,0.875881499,5,,-0.828258434,4,,1.132121128,6
27-Sep-19,11556.35,11512.4,,-0.381762274,4,,0.748506233,5,,-0.510753622,4
30-Sep-19,11491.15,11474.45,,-0.145540745,4,,-0.567393168,4,,-0.330734806,4
01-Oct-19,11515.4,11359.9,,-1.368850078,3,,0.210587561,5,,-1.008371553,3
03-Oct-19,11322.25,11314,,-0.072918508,4,,-1.705933008,3,,-0.405692063,4
04-Oct-19,11388.45,11174.75,,-1.912347032,3,,0.581290694,5,,-1.246112888,3
07-Oct-19,11196.2,11126.4,,-0.627336785,4,,-1.717100445,3,,-0.434552056,4
09-Oct-19,11152.95,11313.3,,1.41735833,6,,-0.387789778,4,,1.652037867,6
10-Oct-19,11280.5,11234.55,,-0.409006146,4,,1.130712291,6,,-0.700962655,4
11-Oct-19,11257.7,11305.05,,0.418839368,5,,-0.202528047,4,,0.62361511,5
14-Oct-19,11335.9,11341.15,,0.046291602,5,,0.689843771,5,,0.318309872,5
15-Oct-19,11360.85,11428.3,,0.590201517,5,,0.219613849,5,,0.762580611,5
16-Oct-19,11464.95,11464,,-0.008286811,4,,0.907984771,5,,0.31140963,5
17-Oct-19,11466.3,11586.35,,1.036133036,6,,0.011773632,5,,1.055983981,6
18-Oct-19,11580.3,11661.85,,0.699288706,5,,0.984430455,5,,0.647410145,5
22-Oct-19,11657.15,11588.35,,-0.593699707,4,,0.659252047,5,,-0.634257681,4
23-Oct-19,11596.2,11604.1,,0.068079386,5,,-0.525603215,4,,0.135727889,5
24-Oct-19,11661.65,11582.6,,-0.682489251,4,,0.561241334,5,,-0.185623262,4
25-Oct-19,11646.15,11583.9,,-0.537383783,4,,-0.133091193,4,,0.011222473,5
27-Oct-19,11662.25,11627.15,,-0.301879652,4,,0.138052263,5,,0.371974216,5
29-Oct-19,11643.95,11786.85,,1.21236802,6,,-0.157163162,4,,1.35489974,6
30-Oct-19,11883.9,11844.1,,-0.336032286,4,,2.019118303,7,,0.483363025,5
31-Oct-19,11890.45,11877.45,,-0.109451103,4,,0.055086225,5,,0.280784175,5
01-Nov-19,11886.6,11890.6,,0.033640018,5,,-0.032389413,4,,0.11059156,5
04-Nov-19,11928.9,11941.3,,0.10384129,5,,0.354601011,5,,0.424576889,5
05-Nov-19,11974.6,11917.2,,-0.481656765,4,,0.38164114,5,,-0.202228711,4
06-Nov-19,11911.5,11966.05,,0.455873074,5,,-0.529740167,4,,0.408238308,5
07-Nov-19,12021.1,12012.05,,-0.075341012,4,,0.911730208,5,,0.382948789,5
08-Nov-19,11987.15,11908.15,,-0.663411193,4,,-0.283219948,4,,-0.872511683,4
11-Nov-19,11879.2,11913.45,,0.28749019,5,,-0.908731228,4,,0.044487533,5
13-Nov-19,11908.3,11840.45,,-0.573035653,4,,0.244367374,5,,-0.616530622,4
14-Nov-19,11858.75,11872.1,,0.112448514,5,,-0.417834932,4,,0.26659142,5
15-Nov-19,11904.2,11895.45,,-0.073557537,4,,0.381798021,5,,0.196293541,5
18-Nov-19,11915.15,11884.5,,-0.257898944,4,,0.091899808,5,,-0.092136817,4
19-Nov-19,11919.45,11940.1,,0.172946625,5,,0.03607549,5,,0.465657742,5
20-Nov-19,12004.75,11999.1,,-0.047086865,4,,0.710552073,5,,0.491703544,5
21-Nov-19,12025.65,11968.4,,-0.47834297,4,,0.173795179,5,,-0.256508807,4
22-Nov-19,11967.3,11914.4,,-0.444000537,4,,-0.487578652,4,,-0.453233063,4
25-Nov-19,11922.45,12073.75,,1.253131794,6,,-0.37618107,4,,1.319805363,6
26-Nov-19,12110.2,12037.7,,-0.602274521,4,,1.550345989,6,,-0.299475813,4
27-Nov-19,12068.5,12100.7,,0.266100308,5,,-0.345527613,4,,0.520631038,5
28-Nov-19,12132.1,12151.15,,0.156775285,5,,0.524229111,5,,0.41518704,5
29-Nov-19,12146.2,12056.05,,-0.74775735,4,,0.116085689,5,,-0.788815574,4
02-Dec-19,12137.05,12048.2,,-0.737454558,4,,-0.075388995,4,,-0.065154961,4
03-Dec-19,12067.65,11994.2,,-0.612379317,4,,-0.575091256,4,,-0.450217605,4
04-Dec-19,11969.95,12043.2,,0.608227049,5,,-0.816210594,4,,0.406868606,5
05-Dec-19,12071.25,12018.4,,-0.439742395,4,,0.839184012,5,,-0.206350263,4
06-Dec-19,12047.35,11921.5,,-1.055655748,3,,-0.198383877,4,,-0.812817179,4
09-Dec-19,11939.1,11937.5,,-0.013403141,4,,-0.906684758,4,,0.134031414,5
10-Dec-19,11950.5,11856.8,,-0.790263815,4,,0.095393498,5,,-0.68062209,4
11-Dec-19,11867.35,11910.15,,0.359357355,5,,-0.7006619,4,,0.447937264,5
12-Dec-19,11944.3,11971.8,,0.229706477,5,,0.644240349,5,,0.514960156,5
13-Dec-19,12026.4,12086.7,,0.49889548,5,,0.682664804,5,,0.950631686,5
16-Dec-19,12131.35,12053.95,,-0.642113166,4,,0.86511394,5,,-0.27169517,4
17-Dec-19,12082.45,12165,,0.678586108,5,,-0.404719242,4,,0.912864776,5
18-Dec-19,12197,12221.65,,0.201691261,5,,0.939165369,5,,0.463521701,5
19-Dec-19,12223.4,12259.7,,0.296092074,5,,0.215979187,5,,0.310366485,5
20-Dec-19,12266.45,12271.8,,0.043595887,5,,0.350957286,5,,0.098600042,5
23-Dec-19,12235.45,12262.75,,0.222625431,5,,-0.253362157,4,,-0.073800738,4
24-Dec-19,12269.25,12214.55,,-0.447826567,4,,0.275485462,5,,-0.394611345,4
26-Dec-19,12211.85,12126.55,,-0.703415234,4,,-0.470035253,4,,-0.725680428,4
27-Dec-19,12172.9,12245.8,,0.595306146,5,,-0.319973055,4,,0.973803263,5
30-Dec-19,12274.9,12255.85,,-0.155435975,4,,0.830964,5,,0.082001656,5
31-Dec-19,12247.1,12168.45,,-0.646343618,4,,-0.226992513,4,,-0.718250887,4
01-Jan-20,12202.15,12182.5,,-0.161296942,4,,-0.368377704,4,,0.115329366,5
02-Jan-20,12198.55,12282.2,,0.68106691,5,,-0.029511704,4,,0.811743824,5
03-Jan-20,12261.1,12226.65,,-0.281761562,4,,0.510149987,5,,-0.454335407,4
06-Jan-20,12170.6,11993.05,,-1.480440755,3,,-0.743595221,4,,-1.947794764,3
07-Jan-20,12079.1,12052.95,,-0.216959334,4,,-0.757506768,4,,0.49697377,5
08-Jan-20,11939.1,12025.35,,0.717234841,5,,-1.172617702,3,,-0.229515149,4
09-Jan-20,12153.15,12215.9,,0.513674801,5,,1.761271769,6,,1.559852324,6
10-Jan-20,12271,12256.8,,-0.115854057,4,,0.960394426,5,,0.333692318,5
13-Jan-20,12296.7,12329.55,,0.266433081,5,,0.208999162,5,,0.590045865,5
14-Jan-20,12333.1,12362.3,,0.236202001,5,,0.295140719,5,,0.26491834,5
15-Jan-20,12349.4,12343.3,,-0.049419523,4,,0.131990218,5,,-0.153929662,4
16-Jan-20,12347.1,12355.5,,0.067985917,5,,-0.018627856,4,,0.098741451,5
17-Jan-20,12328.4,12352.35,,0.193890231,5,,-0.151682295,4,,-0.02550122,4
20-Jan-20,12430.5,12224.55,,-1.684724591,3,,0.821366799,5,,-1.045437255,3
21-Jan-20,12195.3,12169.85,,-0.209123366,4,,-1.928611842,3,,-0.44947144,4
22-Jan-20,12218.35,12106.9,,-0.920549439,4,,0.188650677,5,,-0.519951433,4
23-Jan-20,12123.75,12180.35,,0.46468287,5,,-0.780286627,4,,0.603020439,5
24-Jan-20,12174.55,12248.25,,0.601718613,5,,0.417263882,5,,0.554364909,5
27-Jan-20,12197.1,12119,,-0.644442611,4,,0.184880012,5,,-1.066507138,3
28-Jan-20,12148.1,12055.8,,-0.765606596,4,,-0.403355257,4,,-0.524229002,4
29-Jan-20,12114.9,12129.5,,0.120367699,5,,-0.274042708,4,,0.607609547,5
30-Jan-20,12147.75,12035.8,,-0.930141744,4,,0.270420448,5,,-0.778510776,4
31-Jan-20,12100.4,11962.1,,-1.156151512,3,,-0.391309378,4,,-0.616112555,4
01-Feb-20,11939,11661.85,,-2.376552605,2,,-1.351872016,3,,-2.574634385,2
03-Feb-20,11627.45,11707.9,,0.687142869,5,,-2.679435302,2,,0.393324166,5
04-Feb-20,11786.25,11979.65,,1.614404428,6,,1.347332697,6,,2.268430213,7
05-Feb-20,12005.85,12089.15,,0.689047617,5,,1.82910831,6,,0.905770877,5
06-Feb-20,12120,12137.95,,0.147883292,5,,0.941831683,5,,0.402044826,5
07-Feb-20,12151.15,12098.35,,-0.436423149,4,,0.256354337,5,,-0.327317361,4
10-Feb-20,12102.35,12031.5,,-0.588870881,4,,-0.403227472,4,,-0.555624818,4
11-Feb-20,12108.4,12107.9,,-0.004129535,4,,0.049965313,5,,0.630992988,5
12-Feb-20,12151,12201.2,,0.411434941,5,,0.350588429,5,,0.764678884,5
13-Feb-20,12219.55,12174.65,,-0.368799103,4,,0.560986288,5,,-0.218076084,4
14-Feb-20,12190.15,12113.45,,-0.633180473,4,,-0.241178328,4,,-0.505223533,4
17-Feb-20,12131.8,12045.8,,-0.713941789,4,,-0.480967375,4,,-0.561606535,4
18-Feb-20,12028.25,11992.5,,-0.298102981,4,,-0.860889988,4,,-0.444444444,4
19-Feb-20,12090.6,12125.9,,0.291112412,5,,0.515689875,5,,1.100124527,6
20-Feb-20,12119,12080.85,,-0.315789038,4,,0.234342768,5,,-0.372904224,4
24-Feb-20,12012.55,11829.4,,-1.548261112,3,,-0.886156561,4,,-2.125636127,2
25-Feb-20,11877.5,11797.9,,-0.674696344,4,,-1.137023784,3,,-0.266996669,4
26-Feb-20,11738.55,11678.5,,-0.514192747,4,,-1.183706676,3,,-1.022391574,3
27-Feb-20,11661.25,11633.3,,-0.240258568,4,,-0.662879194,4,,-0.388539795,4
28-Feb-20,11382,11201.75,,-1.609123574,3,,-2.453435249,2,,-3.852523043,1
02-Mar-20,11387.35,11132.75,,-2.286946172,2,,0.046981958,5,,-0.619792953,4
03-Mar-20,11217.55,11303.3,,0.758628011,5,,-1.513699515,3,,1.508851397,6
04-Mar-20,11351.35,11251,,-0.891920718,4,,1.178714426,6,,-0.464847569,4
05-Mar-20,11306.05,11269,,-0.328778064,4,,-0.400670438,4,,0.159730233,5
06-Mar-20,10942.65,10989.45,,0.425862987,5,,-3.320950592,1,,-2.543803375,2
09-Mar-20,10742.05,10451.45,,-2.780475436,2,,-1.867427539,3,,-5.147611097,1
11-Mar-20,10334.3,10458.4,,1.186605982,6,,-3.945598638,1,,0.06645376,5
12-Mar-20,10039.95,9590.15,,-4.690229037,1,,-2.931787509,2,,-9.053560163,1
13-Mar-20,9107.6,9955.2,,8.514143362,6,,-10.23705477,1,,3.666927837,7
16-Mar-20,9587.8,9197.4,,-4.244677844,1,,5.008448236,7,,-8.239285015,1
17-Mar-20,9285.4,8967.05,,-3.550219972,1,,-3.256725612,1,,-2.568849287,2
18-Mar-20,9088.45,8468.8,,-7.31685717,1,,-2.167036183,2,,-5.883360098,1
19-Mar-20,8063.3,8263.45,,2.42211183,6,,-12.71377724,1,,-2.485039542,2
20-Mar-20,8284.45,8745.45,,5.271312511,6,,2.669459047,7,,5.511437376,7
23-Mar-20,7945.7,7610.25,,-4.407870964,1,,-4.263312232,1,,-14.91672415,1
24-Mar-20,7848.3,7801.05,,-0.605687696,4,,-1.24103309,3,,2.445824601,7
25-Mar-20,7735.15,8317.85,,7.005416063,6,,-1.462802919,3,,6.213144022,7
26-Mar-20,8451,8641.45,,2.203912538,6,,8.470595196,7,,3.744741913,7
27-Mar-20,8949.1,8660.25,,-3.33535406,1,,5.56592283,7,,0.217083802,5
30-Mar-20,8385.95,8281.1,,-1.266136141,3,,-6.715398971,1,,-4.578498026,1
31-Mar-20,8529.35,8597.75,,0.795556977,5,,1.681253554,6,,3.682940304,7
01-Apr-20,8584.1,8253.8,,-4.001793113,1,,0.637807108,5,,-4.167171485,1
03-Apr-20,8356.55,8083.8,,-3.374032015,1,,-2.723013684,2,,-2.102971375,2
07-Apr-20,8446.3,8792.2,,3.934168922,6,,1.062595456,6,,8.057141557,7
08-Apr-20,8688.9,8748.75,,0.684097728,5,,2.792068041,7,,-0.496642377,4
09-Apr-20,8973.05,9111.9,,1.523831473,6,,3.166704744,7,,3.985447601,7
13-Apr-20,9103.95,8993.85,,-1.224169849,3,,1.437837422,6,,-1.312563585,3
15-Apr-20,9196.4,8925.3,,-3.037432915,1,,1.005284677,6,,-0.76804141,4
16-Apr-20,8851.25,8992.8,,1.574037007,6,,-3.89944923,1,,0.75060048,5
17-Apr-20,9323.45,9266.75,,-0.611865001,4,,5.064648816,7,,2.956268379,7
20-Apr-20,9390.2,9261.85,,-1.385792255,3,,0.710847479,5,,-0.052905197,4
21-Apr-20,9016.95,8981.45,,-0.395259117,4,,-4.139426303,1,,-3.121990325,1
22-Apr-20,9026.75,9187.3,,1.747521034,6,,0.108566206,5,,2.240592993,7
23-Apr-20,9232.35,9313.9,,0.875573068,5,,2.226951968,7,,1.359258742,6
24-Apr-20,9163.9,9154.4,,-0.103775234,4,,-0.746952717,4,,-1.742331556,3
27-Apr-20,9259.7,9282.3,,0.243474139,5,,1.034590753,6,,1.377891255,6
28-Apr-20,9389.8,9380.9,,-0.094873626,4,,1.385546018,6,,1.051071859,6
29-Apr-20,9408.6,9553.35,,1.515175305,6,,0.199817189,5,,1.805125951,6
30-Apr-20,9753.5,9859.9,,1.079118449,6,,3.536166504,7,,3.109057901,7
04-May-20,9533.5,9293.5,,-2.5824501,2,,-2.307651964,2,,-6.094582235,1
05-May-20,9429.4,9205.6,,-2.431128878,2,,-1.103993891,3,,-0.954853567,4
06-May-20,9226.8,9270.9,,0.475681973,5,,-2.195777518,2,,0.704354486,5
07-May-20,9234.05,9199.05,,-0.380474071,4,,0.078513762,5,,-0.781058914,4
08-May-20,9376.95,9251.5,,-1.355996325,3,,1.523949685,6,,0.566935092,5
11-May-20,9348.15,9239.2,,-1.179214651,3,,-0.308082348,4,,-0.133128409,4
12-May-20,9168.85,9196.55,,0.301199906,5,,-1.955534227,3,,-0.463760867,4
13-May-20,9584.2,9383.55,,-2.138316522,2,,4.33369504,7,,1.992849188,6
14-May-20,9213.95,9142.75,,-0.778759126,4,,-4.01836346,1,,-2.633780865,2
15-May-20,9182.4,9136.85,,-0.498530675,4,,-0.343592089,4,,-0.064573677,4
18-May-20,9158.3,8823.25,,-3.797353583,1,,-0.263149274,4,,-3.554245884,1
19-May-20,8961.7,8879.1,,-0.930274465,4,,-2.193780198,2,,0.629005192,5
20-May-20,8889.15,9066.55,,1.956642824,6,,-0.816163525,4,,2.067489839,7
21-May-20,9079.45,9106.25,,0.294303363,5,,2.095941935,7,,0.43596431,5
22-May-20,9067.9,9039.25,,-0.316951074,4,,-0.127372379,4,,-0.741211937,4
26-May-20,9099.75,9029.05,,-0.783028115,4,,0.350009616,5,,-0.112968695,4
27-May-20,9082.2,9314.95,,2.49867149,6,,-0.193235119,4,,3.069259631,7
28-May-20,9364.95,9490.1,,1.31874269,6,,3.019236622,7,,1.845607528,6
29-May-20,9422.2,9580.3,,1.650261474,6,,0.607607565,5,,0.941515401,5
01-Jun-20,9726.85,9826.15,,1.010568738,6,,3.132052,7,,2.501997222,7
02-Jun-20,9880.85,9979.1,,0.984557726,5,,1.558570366,6,,1.53270335,6
03-Jun-20,10108.3,10061.55,,-0.46464014,4,,2.25013108,7,,0.819456247,5
04-Jun-20,10054.25,10029.1,,-0.250770259,4,,-0.537583609,4,,-0.323558445,4
05-Jun-20,10093.8,10142.15,,0.476723377,5,,0.391824684,5,,1.114655177,6
08-Jun-20,10326.75,10167.45,,-1.566764528,3,,2.255791997,7,,0.248833287,5
09-Jun-20,10181.15,10046.65,,-1.338754709,3,,-1.43009385,3,,-1.202390847,3
10-Jun-20,10072.6,10116.15,,0.430499745,5,,-1.077676072,3,,0.68702026,5
11-Jun-20,10094.1,9902,,-1.940012119,3,,0.21299571,5,,-2.162694405,2
12-Jun-20,9544.95,9972.9,,4.291128959,6,,-5.753304103,1,,0.710926611,5
15-Jun-20,9919.35,9813.7,,-1.076556243,3,,3.774440866,7,,-1.622221996,3
16-Jun-20,10014.8,9914,,-1.016743998,3,,0.953089428,5,,1.011700625,6
17-Jun-20,9876.7,9881.15,,0.045035244,5,,-1.398240303,3,,-0.332451182,4
18-Jun-20,9863.25,10091.65,,2.263257247,6,,-0.136364788,4,,2.085882883,7
19-Jun-20,10119,10244.4,,1.224083402,6,,2.527423658,7,,1.49105853,6
22-Jun-20,10318.75,10311.2,,-0.073221352,4,,1.935796487,6,,0.647839243,5
23-Jun-20,10347.95,10471,,1.175150415,6,,0.282181495,5,,1.526119759,6
24-Jun-20,10529.25,10305.3,,-2.17315362,2,,1.721870029,6,,-1.607910493,3
25-Jun-20,10235.55,10288.9,,0.518519958,5,,-2.869411023,2,,-0.159395076,4
26-Jun-20,10378.9,10383,,0.039487624,5,,1.381167561,6,,0.906289126,5
29-Jun-20,10311.95,10312.4,,0.004363679,5,,-0.649246748,4,,-0.684612699,4
30-Jun-20,10382.6,10302.1,,-0.781394085,4,,0.680465394,5,,-0.099979616,4
01-Jul-20,10323.8,10430.05,,1.018691186,6,,-0.569557721,4,,1.226743879,6
02-Jul-20,10493.05,10551.7,,0.555834605,5,,1.612972396,6,,1.152894794,6
03-Jul-20,10614.95,10607.35,,-0.071648432,4,,1.14838035,6,,0.524636219,5
06-Jul-20,10723.85,10763.65,,0.369763045,5,,1.015493503,6,,1.452109647,6
07-Jul-20,10802.85,10799.65,,-0.02963059,4,,0.731288503,5,,0.333344136,5
08-Jul-20,10818.65,10705.75,,-1.054573477,3,,0.1460441,5,,-0.877098755,4
09-Jul-20,10755.55,10813.45,,0.535444285,5,,-0.586673857,4,,0.995981856,5
10-Jul-20,10764.1,10768.05,,0.036682593,5,,0.0794307,5,,-0.421617656,4
13-Jul-20,10851.85,10802.7,,-0.454978848,4,,0.808617885,5,,0.320753145,5
14-Jul-20,10750.85,10607.35,,-1.352835534,3,,-0.939460601,4,,-1.841647537,3
15-Jul-20,10701,10618.2,,-0.779793185,4,,-0.465844314,4,,0.102183044,5
16-Jul-20,10706.2,10739.95,,0.314247273,5,,0.048569987,5,,1.13361794,6
17-Jul-20,10752,10901.7,,1.37318033,6,,0.425967262,5,,1.483713549,6
20-Jul-20,10999.45,11022.2,,0.206401626,5,,2.249657937,7,,1.093248172,6
21-Jul-20,11126.1,11162.25,,0.323859437,5,,1.138314414,6,,1.254675357,6
22-Jul-20,11231.2,11132.6,,-0.885687081,4,,0.935786025,5,,-0.266334908,4
23-Jul-20,11135,11215.45,,0.717314062,5,,-0.863942524,4,,0.738713114,5
24-Jul-20,11149.95,11194.15,,0.394849095,5,,0.134081319,5,,-0.190277958,4
27-Jul-20,11225,11131.8,,-0.837241057,4,,0.668596882,5,,-0.560107081,4
28-Jul-20,11154.1,11300.55,,1.295954622,6,,-0.635640706,4,,1.49329015,6
29-Jul-20,11276.9,11202.85,,-0.660992515,4,,1.088951751,6,,-0.87209951,4
30-Jul-20,11254.3,11102.15,,-1.370455272,3,,-0.200812134,4,,-0.907031521,4
31-Jul-20,11139.5,11073.45,,-0.596471741,4,,-1.030566902,3,,-0.259178485,4
03-Aug-20,11057.55,10891.6,,-1.523651254,3,,-0.741122581,4,,-1.669635315,3
04-Aug-20,10946.65,11095.25,,1.339311868,6,,-1.013095331,3,,1.835470134,6
05-Aug-20,11155.75,11101.65,,-0.487314949,4,,1.87436972,6,,0.057649088,5
06-Aug-20,11185.7,11200.15,,0.129016129,5,,0.267752577,5,,0.879452507,5
07-Aug-20,11186.65,11214.05,,0.244336346,5,,0.008492265,5,,0.12395165,5
10-Aug-20,11270.25,11270.15,,-0.0008873,4,,0.741775914,5,,0.497775096,5
11-Aug-20,11322.25,11322.5,,0.002207993,5,,0.459272671,5,,0.46235372,5
12-Aug-20,11289,11308.4,,0.171553889,5,,-0.294534503,4,,-0.124686074,4
13-Aug-20,11334.85,11300.45,,-0.304412656,4,,0.404504691,5,,-0.070351181,4
14-Aug-20,11353.3,11178.4,,-1.564624633,3,,0.162507817,5,,-1.09183783,3
17-Aug-20,11248.9,11247.1,,-0.016004126,4,,-0.928090747,4,,0.610824124,5
18-Aug-20,11259.8,11385.35,,1.102732898,6,,0.096804561,5,,1.214279754,6
19-Aug-20,11452.15,11408.4,,-0.383489359,4,,1.679597281,6,,0.202044108,5
20-Aug-20,11317.45,11312.2,,-0.046410071,4,,-1.190197438,3,,-0.850409293,4
21-Aug-20,11409.65,11371.6,,-0.334605508,4,,0.808087891,5,,0.522353934,5
24-Aug-20,11412,11466.45,,0.474863624,5,,0.020592359,5,,0.827195863,5
25-Aug-20,11513.1,11472.25,,-0.35607662,4,,0.87813013,5,,0.050556778,5
26-Aug-20,11512.85,11549.6,,0.318192838,5,,-0.002171487,4,,0.669720163,5
27-Aug-20,11609.3,11559.25,,-0.432986569,4,,0.830799445,5,,0.083482925,5
28-Aug-20,11602.95,11647.6,,0.383340774,5,,-0.054727462,4,,0.758525361,5
31-Aug-20,11777.55,11387.5,,-3.425246981,1,,1.482481501,6,,-2.284083425,2
01-Sep-20,11464.3,11470.25,,0.051873324,5,,-2.732395349,2,,0.721431529,5
02-Sep-20,11478.55,11535,,0.489380147,5,,0.1241446,5,,0.561335067,5
03-Sep-20,11566.2,11527.45,,-0.336154136,4,,0.757811554,5,,-0.065495838,4
04-Sep-20,11354.4,11333.85,,-0.181315264,4,,-1.865356161,3,,-1.708157422,3
07-Sep-20,11359.6,11355.05,,-0.040070277,4,,0.04577626,5,,0.186701071,5
08-Sep-20,11378.55,11317.35,,-0.540762634,4,,0.166541431,5,,-0.333116852,4
09-Sep-20,11218.6,11278,,0.526689129,5,,-1.425757225,3,,-0.348909381,4
10-Sep-20,11363.3,11449.25,,0.750704195,5,,1.273397693,6,,1.495731161,6
11-Sep-20,11447.8,11464.45,,0.145231564,5,,0.738133091,5,,0.13258377,5
14-Sep-20,11540.15,11440.05,,-0.874996176,4,,0.800249563,5,,-0.213285781,4
15-Sep-20,11487.2,11521.8,,0.3003003,5,,-0.460947838,4,,0.709524553,5
16-Sep-20,11538.45,11604.55,,0.569604164,5,,0.444167111,5,,0.713082369,5
17-Sep-20,11539.4,11516.1,,-0.20232544,4,,0.008232664,5,,-0.768055158,4
18-Sep-20,11584.1,11504.95,,-0.687964746,4,,0.385873741,5,,-0.096914806,4
21-Sep-20,11503.8,11250.55,,-2.251001062,2,,-0.698030216,4,,-2.261222785,2
22-Sep-20,11301.75,11153.65,,-1.327816455,3,,-1.787776229,3,,-0.868773899,4
23-Sep-20,11258.75,11131.85,,-1.139972242,3,,-0.381925169,4,,-0.195834475,4
24-Sep-20,11011,10805.55,,-1.901337738,3,,-2.250022705,2,,-3.019744483,1
25-Sep-20,10910.4,11050.25,,1.265582227,6,,-0.92205602,4,,2.214429538,7
28-Sep-20,11140.85,11227.55,,0.77220765,5,,2.068513623,7,,1.579151284,6
29-Sep-20,11288.6,11222.4,,-0.589891645,4,,1.308842549,6,,-0.045890362,4
30-Sep-20,11244.45,11247.55,,0.027561558,5,,-0.392638146,4,,0.223604252,5
01-Oct-20,11364.45,11416.95,,0.459842602,5,,1.055924396,6,,1.483758797,6
05-Oct-20,11487.8,11503.35,,0.135178013,5,,1.073747802,6,,0.751085553,5
06-Oct-20,11603.45,11662.4,,0.505470572,5,,0.99668633,5,,1.36378447,6
07-Oct-20,11679.25,11738.85,,0.507715832,5,,0.649014277,5,,0.651256299,5
08-Oct-20,11835.4,11834.6,,-0.00675984,4,,1.319347044,6,,0.809068325,5
09-Oct-20,11852.05,11914.2,,0.521646439,5,,0.140482026,5,,0.668110322,5
12-Oct-20,11973.55,11930.95,,-0.357054551,4,,1.014736649,6,,0.140391168,5
13-Oct-20,11934.65,11934.5,,-0.00125686,4,,-0.325941691,4,,0.029745695,5
14-Oct-20,11917.4,11971.05,,0.44816453,5,,-0.144746337,4,,0.305319918,5
15-Oct-20,12023.45,11680.35,,-2.937411978,2,,0.882026373,5,,-2.488795284,2
16-Oct-20,11727.4,11762.45,,0.297982138,5,,-2.524429967,2,,0.697983838,5
19-Oct-20,11879.2,11873.05,,-0.051797979,4,,1.277863829,6,,0.931521387,5
20-Oct-20,11861,11896.8,,0.300921256,5,,-0.15344406,4,,0.199633515,5
21-Oct-20,11958.55,11937.65,,-0.175076334,4,,0.815734349,5,,0.342194653,5
22-Oct-20,11890,11896.45,,0.054217855,5,,-0.576534903,4,,-0.346321802,4
23-Oct-20,11957.9,11930.35,,-0.230923653,4,,0.567825454,5,,0.28414925,5
26-Oct-20,11937.4,11767.75,,-1.441651973,3,,-0.171729187,4,,-1.381742474,3
27-Oct-20,11807.1,11889.4,,0.692213232,5,,-1.103573274,3,,1.023180312,6
28-Oct-20,11922.6,11729.6,,-1.645409903,3,,0.968748427,5,,-1.362365298,3
29-Oct-20,11633.3,11670.8,,0.321314734,5,,-2.48682661,2,,-0.503821503,4
30-Oct-20,11678.45,11642.4,,-0.30964406,4,,0.386609524,5,,-0.243935958,4
02-Nov-20,11697.35,11669.15,,-0.241662846,4,,0.161575058,5,,0.22923692,5
03-Nov-20,11734.45,11813.5,,0.669149702,5,,0.316163092,5,,1.22190714,6
04-Nov-20,11783.35,11908.5,,1.050930008,6,,0.414992341,5,,0.797749507,5
05-Nov-20,12062.4,12120.3,,0.477710948,5,,2.313387054,7,,1.747481498,6
06-Nov-20,12156.65,12263.55,,0.871688867,5,,0.775295826,5,,1.168095698,6
09-Nov-20,12399.4,12461.05,,0.494741615,5,,1.95775602,6,,1.584938669,6
10-Nov-20,12556.4,12631.1,,0.591397424,5,,1.250358383,6,,1.346280213,6
11-Nov-20,12680.6,12749.15,,0.537682904,5,,0.979448922,5,,0.925944083,5
12-Nov-20,12702.15,12690.8,,-0.089434866,4,,0.169656318,5,,-0.459781889,4
13-Nov-20,12659.7,12719.95,,0.473665384,5,,-0.335316003,4,,0.229167567,5
14-Nov-20,12823.35,12780.25,,-0.337239099,4,,1.27618758,6,,0.471821756,5
17-Nov-20,12932.5,12874.2,,-0.452843672,4,,0.84399768,5,,0.729754082,5
18-Nov-20,12860.1,12938.25,,0.604022955,5,,-0.562981625,4,,0.495043766,5
19-Nov-20,12839.5,12771.7,,-0.530861201,4,,-0.160442385,4,,-1.304055059,3
20-Nov-20,12813.4,12859.05,,0.355002897,5,,-0.203693009,4,,0.679288128,5
23-Nov-20,12960.3,12926.45,,-0.261866174,4,,1.133461417,6,,0.521411524,5
24-Nov-20,13002.6,13055.15,,0.402523142,5,,0.325319551,5,,0.985817857,5
25-Nov-20,13130,12858.4,,-2.112237915,2,,0.97029703,5,,-1.530128165,3
26-Nov-20,12906.45,12987,,0.62023562,5,,-1.732079697,3,,0.99022099,5
27-Nov-20,13012.05,12968.95,,-0.332332224,4,,0.811555443,5,,-0.139178577,4
01-Dec-20,13062.2,13109.05,,0.357386691,5,,0.383932263,5,,1.06872733,6
02-Dec-20,13121.4,13113.75,,-0.058335716,4,,0.451171369,5,,0.035840244,5
03-Dec-20,13215.3,13133.9,,-0.619770213,4,,0.710540056,5,,0.153419776,5
04-Dec-20,13177.4,13258.55,,0.61205788,5,,-0.287613642,4,,0.940148055,5
07-Dec-20,13264.85,13355.75,,0.680605732,5,,0.65926113,5,,0.727776426,5
08-Dec-20,13393.85,13392.95,,-0.006719953,4,,0.9631286,5,,0.277758074,5
09-Dec-20,13458.1,13529.1,,0.524794702,5,,0.477407658,5,,1.006349277,6
10-Dec-20,13488.5,13478.3,,-0.0756772,4,,0.225377173,5,,-0.376902132,4
11-Dec-20,13512.3,13513.85,,0.011469714,5,,0.176135817,5,,0.26306345,5
14-Dec-20,13571.45,13558.15,,-0.098095979,4,,0.435841417,5,,0.326740743,5
15-Dec-20,13547.2,13567.85,,0.152198027,5,,-0.179003779,4,,0.071492536,5
16-Dec-20,13663.1,13682.7,,0.143246581,5,,0.848270158,5,,0.839381116,5
17-Dec-20,13713.55,13740.7,,0.197588187,5,,0.367884319,5,,0.422103677,5
18-Dec-20,13764.4,13760.55,,-0.027978533,4,,0.369431287,5,,0.144252955,5
21-Dec-20,13741.9,13328.4,,-3.102397887,1,,-0.163732817,4,,-3.24232466,1
22-Dec-20,13373.65,13466.3,,0.688013783,5,,-2.753548956,2,,1.024037783,6
23-Dec-20,13473.5,13601.1,,0.938159414,5,,0.741084351,5,,0.991096308,5
24-Dec-20,13672.15,13749.25,,0.56075786,5,,1.452953632,6,,1.077513319,6
28-Dec-20,13815.15,13873.2,,0.418432662,5,,1.035095529,6,,0.89344924,5
29-Dec-20,13910.35,13932.6,,0.1596974,5,,0.684382492,5,,0.426338228,5
30-Dec-20,13980.9,13981.95,,0.007509682,5,,0.504617013,5,,0.35295506,5
31-Dec-20,13970,13981.75,,0.084038121,5,,-0.078024338,4,,-0.001430436,4
01-Jan-21,13996.1,14018.5,,0.15978885,5,,0.18648052,5,,0.262153583,5
04-Jan-21,14104.35,14132.9,,0.202010911,5,,0.767493716,5,,0.809458781,5
05-Jan-21,14075.15,14199.5,,0.875735061,5,,-0.207457825,4,,0.4690306,5
06-Jan-21,14240.95,14146.25,,-0.669435363,4,,1.164248172,6,,-0.376424848,4
07-Jan-21,14253.75,14137.35,,-0.823350911,4,,0.08980093,5,,-0.062953807,4
08-Jan-21,14258.4,14347.25,,0.619282441,5,,0.032612355,5,,1.462998136,6
11-Jan-21,14474.05,14484.75,,0.073870795,5,,1.489907801,6,,0.949274237,5
12-Jan-21,14473.8,14563.45,,0.615582159,5,,-0.001727259,4,,0.540393931,5
13-Jan-21,14639.8,14564.85,,-0.51459507,4,,1.133895272,6,,0.009612183,5
14-Jan-21,14550.05,14595.6,,0.312080353,5,,-0.616836368,4,,0.210679931,5
15-Jan-21,14594.35,14433.7,,-1.113020224,3,,0.303542124,5,,-1.121680512,3
18-Jan-21,14453.3,14281.3,,-1.204372151,3,,-0.975901697,4,,-1.067129743,3
19-Jan-21,14371.65,14521.15,,1.029532785,6,,-0.5681324,4,,1.651728685,6
20-Jan-21,14538.3,14644.7,,0.726542708,5,,1.146282578,6,,0.843649921,5
21-Jan-21,14730.95,14590.35,,-0.963650632,4,,1.30779074,6,,-0.372506485,4
22-Jan-21,14583.4,14371.9,,-1.471621706,3,,-1.011766803,3,,-1.519979961,3
25-Jan-21,14477.8,14238.9,,-1.677798145,3,,-0.729392587,4,,-0.934060918,4
27-Jan-21,14237.95,13967.5,,-1.936280652,3,,-1.684582401,3,,-1.943082155,3
28-Jan-21,13810.4,13817.55,,0.051745787,5,,-3.095855297,1,,-1.085214094,3
29-Jan-21,13946.6,13634.6,,-2.288295953,2,,0.976582106,5,,-1.341806874,3
01-Feb-21,13758.6,14281.2,,3.659356357,6,,-1.366418095,3,,4.527630731,7
02-Feb-21,14481.1,14647.85,,1.138392324,6,,4.989261865,7,,2.503097724,7
03-Feb-21,14754.9,14789.95,,0.23698525,5,,1.855654732,6,,0.960787562,5
04-Feb-21,14789.05,14895.65,,0.715645172,5,,0.230914088,5,,0.709603139,5
05-Feb-21,14952.6,14924.25,,-0.189959294,4,,1.093789709,6,,0.19163442,5
08-Feb-21,15064.3,15115.8,,0.340703105,5,,0.741488154,5,,1.267217084,6
09-Feb-21,15164.15,15109.3,,-0.36302145,4,,0.658460909,5,,-0.043019862,4
10-Feb-21,15119.05,15106.5,,-0.083076821,4,,-0.298299166,4,,-0.018535068,4
11-Feb-21,15073.25,15173.3,,0.659381941,5,,-0.303849535,4,,0.440247013,5
12-Feb-21,15186.2,15163.3,,-0.151022535,4,,0.743767368,5,,-0.065948705,4
15-Feb-21,15270.3,15314.7,,0.28991753,5,,0.550742291,5,,0.988592659,5
16-Feb-21,15371.45,15313.45,,-0.378752012,4,,0.658038116,5,,-0.008162759,4
17-Feb-21,15279.9,15208.9,,-0.466831921,4,,-0.599153136,4,,-0.687426441,4
18-Feb-21,15238.7,15118.95,,-0.792052358,4,,-0.27036427,4,,-0.594948723,4
19-Feb-21,15074.8,14981.75,,-0.621088992,4,,-1.087244939,3,,-0.915780867,4
22-Feb-21,14999.05,14675.7,,-2.203302057,2,,-0.505031985,4,,-2.085420116,2
23-Feb-21,14782.25,14707.8,,-0.506193992,4,,-1.466623822,3,,0.21825154,5
24-Feb-21,14729.15,14982,,1.687691897,6,,-0.360509602,4,,1.830196235,6
25-Feb-21,15079.85,15097.35,,0.115914382,5,,2.32561995,7,,0.764041371,5
26-Feb-21,14888.6,14529.15,,-2.47399194,2,,-1.284539849,3,,-3.910758716,1
01-Mar-21,14702.5,14761.55,,0.400025743,5,,-1.265771127,3,,1.574360416,6
02-Mar-21,14865.3,14919.1,,0.360611565,5,,1.095167941,6,,1.056028849,6
03-Mar-21,15064.4,15245.6,,1.188539644,6,,1.321659011,6,,2.141601511,7
04-Mar-21,15026.75,15080.75,,0.358072377,5,,-0.25055318,4,,-1.093115395,3
05-Mar-21,14977.95,14938.1,,-0.266767527,4,,-0.325812277,4,,-0.954940722,4
08-Mar-21,15002.45,14956.2,,-0.309236303,4,,0.16330666,5,,0.121020045,5
09-Mar-21,15049.9,15098.4,,0.32122609,5,,0.315284487,5,,0.94182165,5
10-Mar-21,15202.15,15174.8,,-0.180233018,4,,1.001503077,6,,0.503466273,5
12-Mar-21,15321.15,15030.95,,-1.930683024,3,,0.776704099,5,,-0.957025338,4
15-Mar-21,15048.4,14929.5,,-0.796409793,4,,-1.812485048,3,,-0.679527111,4
16-Mar-21,14996.1,14910.45,,-0.574429343,4,,-0.348757344,4,,-0.127762744,4
17-Mar-21,14946.55,14721.3,,-1.530095848,3,,-0.33151463,4,,-1.284872939,3
18-Mar-21,14855.5,14557.85,,-2.044601366,2,,-0.612904312,4,,-1.122761946,3
19-Mar-21,14471.15,14744,,1.850583288,6,,-2.655974128,2,,1.262547477,6
22-Mar-21,14736.3,14736.4,,0.000678592,5,,1.799298331,6,,-0.051572976,4
23-Mar-21,14768.55,14814.75,,0.311851364,5,,0.21836944,5,,0.528864814,5
24-Mar-21,14712.45,14549.4,,-1.12066477,3,,-0.381309707,4,,-1.823786548,3
25-Mar-21,14570.9,14324.9,,-1.717289475,3,,-0.971456808,4,,-1.567201167,3
26-Mar-21,14506.3,14507.3,,0.006893081,5,,-0.445323756,4,,1.25729805,6
30-Mar-21,14628.5,14845.1,,1.459067302,6,,0.835355641,5,,2.275498313,7
31-Mar-21,14811.85,14690.7,,-0.824671391,4,,1.237860227,6,,-1.051005058,3
01-Apr-21,14798.4,14867.35,,0.463767921,5,,-0.090888204,4,,1.188174086,6
05-Apr-21,14837.7,14637.8,,-1.365642378,3,,0.264865848,5,,-1.568200139,3
06-Apr-21,14737,14683.5,,-0.364354548,4,,-0.683314107,4,,0.311233698,5
07-Apr-21,14716.45,14819.05,,0.692352074,5,,-0.139639655,4,,0.91470101,5
08-Apr-21,14875.65,14873.8,,-0.012437978,4,,1.070205336,6,,0.368096922,5
09-Apr-21,14882.65,14834.85,,-0.322214246,4,,0.047034634,5,,-0.262557424,4
12-Apr-21,14644.65,14310.8,,-2.332853509,2,,-1.62516687,3,,-3.661919669,1
13-Apr-21,14364.9,14504.8,,0.964508301,5,,-1.947455256,3,,1.33748828,6
15-Apr-21,14522.4,14581.45,,0.404966584,5,,1.084531482,6,,0.525667886,5
16-Apr-21,14599.6,14617.85,,0.124847361,5,,0.52878161,5,,0.249010627,5
19-Apr-21,14306.6,14359.45,,0.368050308,5,,-2.048005815,2,,-1.79951182,3
20-Apr-21,14526.7,14296.4,,-1.610895051,3,,1.515141085,6,,-0.441020117,4
22-Apr-21,14219.15,14406.15,,1.298056733,6,,-2.162928164,2,,0.761827414,5
23-Apr-21,14326.35,14341.35,,0.104592664,5,,0.748271542,5,,-0.451840308,4
26-Apr-21,14449.45,14485,,0.245426303,5,,0.851935541,5,,0.991715568,5
27-Apr-21,14493.8,14653.05,,1.086804454,6,,0.305992907,5,,1.14686021,6
28-Apr-21,14710.5,14864.55,,1.036358316,6,,1.473097447,6,,1.42284832,6
29-Apr-21,14979,14894.9,,-0.56462279,4,,1.792509513,6,,0.203761019,5
30-Apr-21,14747.35,14631.1,,-0.794540397,4,,-1.570790684,3,,-1.80300866,3
03-May-21,14481.05,14634.15,,1.046183072,6,,-1.838955048,3,,0.020841661,5
04-May-21,14687.25,14496.5,,-1.315834857,3,,1.40393879,6,,-0.949539544,4
05-May-21,14604.15,14617.85,,0.093721033,5,,-0.569016341,4,,0.830149441,5
06-May-21,14668.35,14724.8,,0.383366837,5,,0.437677039,5,,0.726325655,5
07-May-21,14816.85,14823.15,,0.042501088,5,,1.002237318,6,,0.663489204,5
10-May-21,14928.25,14942.35,,0.094362667,5,,0.746236163,5,,0.797732619,5
11-May-21,14789.7,14850.75,,0.411090349,5,,-0.936800611,4,,-0.616803865,4
12-May-21,14823.55,14696.5,,-0.864491546,4,,0.228352857,5,,-1.049569625,3
14-May-21,14749.4,14677.8,,-0.487811525,4,,-0.502732315,4,,-0.127403289,4
17-May-21,14756.25,14923.15,,1.118396585,6,,0.046421008,5,,1.644089887,6
18-May-21,15067.2,15108.1,,0.270715709,5,,2.06375438,7,,1.224177759,6
19-May-21,15058.6,15030.15,,-0.189286201,4,,-0.057110223,4,,-0.518624232,4
20-May-21,15042.6,14906.05,,-0.916070991,4,,-0.106364591,4,,-0.832547858,4
21-May-21,14987.8,15175.3,,1.235560417,6,,-0.365630713,4,,1.774264759,6
24-May-21,15211.35,15197.7,,-0.089816222,4,,1.469626299,6,,0.147390724,5
25-May-21,15291.75,15208.45,,-0.547721826,4,,0.525773702,5,,0.070684389,5
26-May-21,15257.05,15301.45,,0.290168579,5,,-0.227435841,4,,0.607785537,5
27-May-21,15323.95,15337.85,,0.090625479,5,,0.436571511,5,,0.237321398,5
28-May-21,15421.2,15435.65,,0.093614457,5,,0.630625373,5,,0.633598196,5
31-May-21,15437.75,15582.8,,0.930833996,5,,0.107204742,5,,0.944310394,5
01-Jun-21,15629.65,15574.85,,-0.351849295,4,,1.227794608,6,,-0.05104383,4
02-Jun-21,15520.35,15576.2,,0.358559854,5,,-0.704236696,4,,0.008667069,5
03-Jun-21,15655.55,15690.35,,0.221792376,5,,0.863591506,5,,0.727517232,5
04-Jun-21,15712.5,15670.25,,-0.269619183,4,,0.362450278,5,,-0.128268534,4
07-Jun-21,15725.1,15751.65,,0.168553771,5,,0.080126676,5,,0.516771259,5
08-Jun-21,15773.9,15740.1,,-0.214738153,4,,0.30937181,5,,-0.073379458,4
09-Jun-21,15766.3,15635.35,,-0.837525223,4,,-0.048204081,4,,-0.669956221,4
10-Jun-21,15692.1,15737.75,,0.290066877,5,,-0.472849396,4,,0.650664803,5
11-Jun-21,15796.45,15799.35,,0.018355185,5,,0.660591462,5,,0.389889457,5
14-Jun-21,15791.4,15811.85,,0.12933338,5,,-0.031979432,4,,0.079054633,5
15-Jun-21,15866.95,15869.25,,0.014493439,5,,0.47614696,5,,0.361705815,5
16-Jun-21,15847.5,15767.55,,-0.507054045,4,,-0.122732292,4,,-0.644995576,4
17-Jun-21,15648.3,15691.4,,0.274672751,5,,-1.27298173,3,,-0.485297679,4
18-Jun-21,15756.5,15683.35,,-0.466418208,4,,0.686700727,5,,-0.05132832,4
21-Jun-21,15525.85,15746.5,,1.401263773,6,,-1.48558694,3,,0.401041501,5
22-Jun-21,15840.5,15772.75,,-0.429538286,4,,1.986364067,6,,0.166426273,5
23-Jun-21,15862.8,15686.95,,-1.120995477,3,,0.140580478,5,,-0.546951447,4
24-Jun-21,15737.3,15790.45,,0.336595854,5,,-0.797468435,4,,0.655459471,5
25-Jun-21,15839.35,15860.35,,0.132405653,5,,0.644281489,5,,0.440721674,5
28-Jun-21,15915.35,15814.7,,-0.636433192,4,,0.477526413,5,,-0.288655491,4
29-Jun-21,15807.5,15748.45,,-0.374957536,4,,-0.682271074,4,,-0.420676321,4
30-Jun-21,15776.9,15721.5,,-0.352383678,4,,-0.193954452,4,,-0.171421302,4
01-Jul-21,15755.05,15680,,-0.478635204,4,,-0.138685691,4,,-0.264668367,4
02-Jul-21,15705.85,15722.2,,0.10399308,5,,-0.313259072,4,,0.268410273,5
05-Jul-21,15793.4,15834.35,,0.258614973,5,,0.554345486,5,,0.708270311,5
06-Jul-21,15813.75,15818.25,,0.028448153,5,,0.128685479,5,,-0.10178117,4
07-Jul-21,15819.6,15879.65,,0.378156949,5,,0.036979443,5,,0.386658396,5
08-Jul-21,15855.4,15727.9,,-0.810661309,4,,0.225790582,5,,-0.964845911,4
09-Jul-21,15688.25,15689.8,,0.00987903,5,,-1.06544707,3,,-0.242832923,4
12-Jul-21,15766.8,15692.6,,-0.47283433,4,,0.498198747,5,,0.017842805,5
13-Jul-21,15794,15812.35,,0.116048532,5,,0.172217298,5,,0.757319437,5
14-Jul-21,15808.7,15853.95,,0.28541783,5,,0.092986773,5,,0.262395176,5
15-Jul-21,15872.15,15924.2,,0.326861004,5,,0.399756807,5,,0.44115246,5
16-Jul-21,15958.35,15923.4,,-0.2194883,4,,0.540156094,5,,-0.005024053,4
19-Jul-21,15754.5,15752.4,,-0.013331302,4,,-1.293916024,3,,-1.085548869,3
20-Jul-21,15703.95,15632.1,,-0.459631144,4,,-0.321893536,4,,-0.769570307,4
22-Jul-21,15736.6,15824.05,,0.552639811,5,,0.207478108,5,,1.213027006,6
23-Jul-21,15856.8,15856.05,,-0.004730056,4,,0.758034408,5,,0.201815711,5
26-Jul-21,15849.3,15824.45,,-0.157035474,4,,-0.047320702,4,,-0.199690985,4
27-Jul-21,15860.5,15746.45,,-0.724290237,4,,0.07061568,5,,-0.495349745,4
28-Jul-21,15761.55,15709.4,,-0.331966848,4,,-0.627793586,4,,-0.235846054,4
29-Jul-21,15762.7,15778.45,,0.099819691,5,,0.007295704,5,,0.4376222,5
30-Jul-21,15800.6,15763.05,,-0.23821532,4,,0.239864309,5,,-0.097696829,4
02-Aug-21,15874.9,15885.15,,0.064525673,5,,0.468034444,5,,0.768642411,5
03-Aug-21,15951.55,16130.75,,1.110921687,6,,0.480517567,5,,1.522557848,6
04-Aug-21,16195.25,16258.8,,0.390865255,5,,1.504762199,6,,0.787573499,5
05-Aug-21,16288.95,16294.6,,0.034674064,5,,0.575236587,5,,0.219704687,5
06-Aug-21,16304.4,16238.2,,-0.407680654,4,,0.094759697,5,,-0.347329137,4
09-Aug-21,16281.35,16258.25,,-0.142081712,4,,-0.141573027,4,,0.123322006,5
10-Aug-21,16274.8,16280.1,,0.032555083,5,,-0.04024627,4,,0.134212935,5
11-Aug-21,16327.3,16282.25,,-0.276681663,4,,0.321547347,5,,0.013204563,5
12-Aug-21,16303.65,16364.4,,0.371232676,5,,-0.145059542,4,,0.502004351,5
13-Aug-21,16385.7,16529.1,,0.867560847,5,,0.5007415,5,,0.996424488,5
16-Aug-21,16518.4,16563.05,,0.269575954,5,,0.803346571,5,,0.204974325,5
17-Aug-21,16545.25,16614.6,,0.41740397,5,,0.162282226,5,,0.310269281,5
18-Aug-21,16691.95,16568.85,,-0.742960435,4,,0.878866759,5,,-0.276120552,4
20-Aug-21,16382.5,16450.5,,0.413361296,5,,-1.888905845,3,,-0.71943102,4
23-Aug-21,16592.25,16496.45,,-0.580731006,4,,1.264144405,6,,0.278544778,5
24-Aug-21,16561.4,16624.6,,0.380159523,5,,-0.186276523,4,,0.770845614,5
25-Aug-21,16654,16634.65,,-0.116323457,4,,0.556022577,5,,0.060416059,5
26-Aug-21,16627.95,16636.9,,0.05379608,5,,-0.15666393,4,,0.013524154,5
27-Aug-21,16642.55,16705.2,,0.375032924,5,,0.087726941,5,,0.408854728,5
30-Aug-21,16775.85,16931.05,,0.916659038,5,,0.794594611,5,,1.333939714,6
31-Aug-21,16947.5,17132.2,,1.078086877,6,,1.012833751,6,,1.174104902,6
01-Sep-21,17185.6,17076.25,,-0.640363077,4,,1.385462247,6,,-0.327648049,4
02-Sep-21,17095.4,17234.15,,0.805087573,5,,-0.527627315,4,,0.916204164,5
03-Sep-21,17262.45,17323.6,,0.352986677,5,,0.967707365,5,,0.516347641,5
06-Sep-21,17399.35,17377.8,,-0.124008793,4,,0.786811002,5,,0.311892184,5
07-Sep-21,17401.55,17362.1,,-0.227219058,4,,0.012642552,5,,-0.090426849,4
08-Sep-21,17375.75,17353.5,,-0.12821621,4,,-0.148482799,4,,-0.049557726,4
09-Sep-21,17312.85,17369.25,,0.324711775,5,,-0.363313955,4,,0.09067749,5
13-Sep-21,17363.55,17355.3,,-0.047535911,4,,0.291990981,5,,-0.080378904,4
14-Sep-21,17420.35,17380,,-0.232163406,4,,0.326055447,5,,0.142117376,5
15-Sep-21,17387.65,17519.45,,0.752306722,5,,-0.188064517,4,,0.795972476,5
16-Sep-21,17539.2,17629.5,,0.512209649,5,,0.864064496,5,,0.624237783,5
17-Sep-21,17709.65,17585.15,,-0.707983725,4,,0.962469614,5,,-0.252201431,4
20-Sep-21,17443.85,17396.9,,-0.269875668,4,,-1.523746191,3,,-1.082089338,3
21-Sep-21,17450.5,17562,,0.63489352,5,,0.038107791,5,,0.940097939,5
22-Sep-21,17580.9,17546.65,,-0.195193954,4,,0.741714019,5,,-0.087481086,4
23-Sep-21,17670.85,17822.95,,0.853394079,5,,0.509030409,5,,1.550248416,6
24-Sep-21,17897.45,17853.2,,-0.247854726,4,,1.266102154,6,,0.169437412,5
27-Sep-21,17932.2,17855.1,,-0.431809399,4,,0.193785481,5,,0.010641217,5
28-Sep-21,17906.45,17748.6,,-0.889365922,4,,-0.143802931,4,,-0.600047328,4
29-Sep-21,17657.95,17711.3,,0.301220125,5,,-1.407298129,3,,-0.210600012,4
30-Sep-21,17718.9,17618.15,,-0.571853458,4,,0.343982979,5,,-0.528716125,4
01-Oct-21,17531.9,17532.05,,0.000855576,5,,-1.06662712,3,,-0.491100584,4
04-Oct-21,17615.55,17691.25,,0.427895146,5,,0.474864537,5,,0.899879884,5
05-Oct-21,17661.35,17822.3,,0.903082094,5,,0.259323325,5,,0.735314746,5
06-Oct-21,17861.5,17646,,-1.221239941,3,,1.120566582,6,,-0.999093279,4
07-Oct-21,17810.55,17790.35,,-0.113544703,4,,-0.286066404,4,,0.811394942,5
08-Oct-21,17886.85,17895.2,,0.046660557,5,,0.426570358,5,,0.585911306,5
11-Oct-21,17867.55,17945.95,,0.436867371,5,,-0.108017048,4,,0.282793611,5
12-Oct-21,17915.8,17991.95,,0.42324484,5,,0.269315353,5,,0.255669897,5
13-Oct-21,18097.85,18161.75,,0.351838342,5,,1.005920593,6,,0.934931931,5
14-Oct-21,18272.85,18338.55,,0.358261695,5,,0.95770501,5,,0.964089309,5
18-Oct-21,18500.1,18477.05,,-0.124749351,4,,1.228371739,6,,0.749578531,5
19-Oct-21,18602.35,18418.75,,-0.996810316,4,,0.549661736,5,,-0.31652528,4
20-Oct-21,18439.9,18266.6,,-0.94872609,4,,-0.88097007,4,,-0.832940996,4
21-Oct-21,18382.7,18178.1,,-1.125530171,3,,-0.311162125,4,,-0.486849561,4
22-Oct-21,18230.7,18114.9,,-0.63925277,4,,-0.83375844,4,,-0.348884068,4
25-Oct-21,18229.5,18125.4,,-0.574332153,4,,-0.006582737,4,,0.057929756,5
26-Oct-21,18154.5,18268.4,,0.623480984,5,,-0.413120714,4,,0.782772438,5
27-Oct-21,18295.85,18210.95,,-0.466203026,4,,0.772579574,5,,-0.315469539,4
28-Oct-21,18187.65,17857.25,,-1.850228899,3,,-0.594909183,4,,-1.980708116,3
29-Oct-21,17833.05,17671.65,,-0.913327278,4,,-1.988442807,3,,-1.050269782,3
01-Nov-21,17783.15,17929.65,,0.817082319,5,,-0.280602705,4,,1.438957258,6
02-Nov-21,17970.9,17888.95,,-0.458104025,4,,1.044744559,6,,-0.227514751,4
03-Nov-21,17947.95,17829.2,,-0.666042223,4,,-0.127869757,4,,-0.335124403,4
04-Nov-21,17935.05,17916.8,,-0.101859707,4,,-0.0719262,4,,0.488926594,5
08-Nov-21,18040.2,18068.55,,0.156902463,5,,0.582864935,5,,0.8398571,5
09-Nov-21,18084.35,18044.25,,-0.222231459,4,,0.24413374,5,,-0.134668939,4
10-Nov-21,17973.45,18017.2,,0.242823524,5,,-0.617021217,4,,-0.150134316,4
11-Nov-21,17967.45,17873.6,,-0.52507609,4,,-0.03339372,4,,-0.803419569,4
12-Nov-21,17977.6,18102.75,,0.691331428,5,,0.056459149,5,,1.265829777,6
15-Nov-21,18140.95,18109.45,,-0.173942334,4,,0.900448984,5,,0.036997258,5
16-Nov-21,18127.05,17999.2,,-0.710309347,4,,-0.076680982,4,,-0.612527223,4
17-Nov-21,17939.35,17898.65,,-0.227391451,4,,-1.046303238,3,,-0.561774212,4
18-Nov-21,17890.55,17764.8,,-0.707860488,4,,-0.272769702,4,,-0.753456273,4
22-Nov-21,17796.25,17416.55,,-2.180110297,2,,-0.529886914,4,,-1.999534925,3
23-Nov-21,17281.75,17503.35,,1.266043357,6,,-2.977129052,2,,0.49590507,5
24-Nov-21,17550.05,17415.05,,-0.775191573,4,,1.528770573,6,,-0.50703271,4
25-Nov-21,17417.3,17536.25,,0.678309217,5,,-0.762173242,4,,0.691139782,5
26-Nov-21,17338.75,17026.45,,-1.834205016,3,,-0.453031505,4,,-2.994164961,2
29-Nov-21,17055.8,17053.95,,-0.010847927,4,,-1.658966451,3,,0.161252965,5
30-Nov-21,17051.15,16983.2,,-0.400101277,4,,-0.027270888,4,,-0.416588158,4
01-Dec-21,17104.4,17166.9,,0.364072721,5,,0.311323402,5,,1.070082543,6
02-Dec-21,17183.2,17401.65,,1.255340729,6,,0.458587458,5,,1.349010008,6
03-Dec-21,17424.9,17196.7,,-1.326998785,3,,1.387095478,6,,-1.191798426,3
06-Dec-21,17209.05,16912.25,,-1.754940945,3,,-1.254281904,3,,-1.681916954,3
07-Dec-21,17044.1,17176.7,,0.771975991,5,,-0.967783573,4,,1.539585601,6
08-Dec-21,17315.25,17469.75,,0.884385867,5,,1.565960642,6,,1.677471057,6
09-Dec-21,17524.4,17516.85,,-0.043101357,4,,1.193478807,6,,0.26888396,5
10-Dec-21,17476.05,17511.3,,0.20129859,5,,-0.276664349,4,,-0.031693821,4
13-Dec-21,17619.1,17368.25,,-1.444302103,3,,0.811902992,5,,-0.823629324,4
14-Dec-21,17283.2,17324.9,,0.24069403,5,,-1.943505832,3,,-0.250217894,4
15-Dec-21,17323.65,17221.4,,-0.593738024,4,,0.233495828,5,,-0.600996435,4
16-Dec-21,17373,17248.4,,-0.722385844,4,,0.284061475,5,,0.156536258,5
17-Dec-21,17276,16985.2,,-1.712078751,3,,-0.561472563,4,,-1.549584344,3
20-Dec-21,16824.25,16614.2,,-1.264279953,3,,-2.685112264,2,,-2.233029577,2
21-Dec-21,16773.15,16770.85,,-0.013714272,4,,-0.304653568,4,,0.934061184,5
22-Dec-21,16865.55,16955.45,,0.530212999,5,,0.547862358,5,,1.08873548,6
23-Dec-21,17066.8,17072.6,,0.033972564,5,,1.179190006,6,,0.686187224,5
24-Dec-21,17149.5,17003.75,,-0.857163861,4,,0.482229803,5,,-0.404910681,4
27-Dec-21,16937.75,17086.25,,0.869119906,5,,-1.250166049,3,,0.482844392,5
28-Dec-21,17177.6,17233.25,,0.322922258,5,,1.396295175,6,,0.853002191,5
29-Dec-21,17220.1,17213.6,,-0.03776084,4,,0.246804606,5,,-0.114153925,4
30-Dec-21,17201.45,17203.95,,0.014531547,5,,-0.108421092,4,,-0.05609177,4
31-Dec-21,17244.5,17354.05,,0.631264748,5,,0.249644814,5,,0.864927783,5
03-Jan-22,17387.15,17625.7,,1.353421424,6,,0.820433481,5,,1.541215384,6
04-Jan-22,17681.4,17805.25,,0.695581359,5,,1.664178176,6,,1.008410441,6
05-Jan-22,17820.1,17925.25,,0.586602697,5,,0.778334577,5,,0.66944673,5
06-Jan-22,17768.5,17745.9,,-0.12735336,4,,-0.290401553,4,,-1.010655983,3
07-Jan-22,17797.6,17812.7,,0.084770978,5,,0.163505192,5,,0.375013333,5
10-Jan-22,17913.3,18003.3,,0.49990835,5,,0.645888809,5,,1.058694795,6
11-Jan-22,17997.75,18055.75,,0.32122731,5,,0.46922532,5,,0.290489179,5
12-Jan-22,18170.4,18212.35,,0.230338205,5,,0.950171708,5,,0.859856087,5
13-Jan-22,18257,18257.8,,0.004381689,5,,0.47433861,5,,0.248934702,5
14-Jan-22,18185,18255.75,,0.387549128,5,,-0.395930712,4,,-0.011229339,4
17-Jan-22,18235.65,18308.1,,0.395726482,5,,0.277752644,5,,0.285939011,5
18-Jan-22,18337.2,18113.05,,-1.237505555,3,,0.553792291,5,,-1.076847908,3
19-Jan-22,18129.2,17938.4,,-1.063640012,3,,-1.147320345,3,,-0.973609686,4
20-Jan-22,17921,17757,,-0.923579433,4,,-1.161765526,3,,-1.021568959,3
21-Jan-22,17613.7,17617.15,,0.01958319,5,,-1.744664664,3,,-0.793828741,4
24-Jan-22,17575.15,17149.1,,-2.484386936,2,,-0.219343789,4,,-2.729297747,2
25-Jan-22,17001.55,17277.95,,1.599726819,6,,-3.373810035,1,,0.745748194,5
27-Jan-22,17062,17110.15,,0.28141191,5,,0.354296097,5,,-0.980704436,4
28-Jan-22,17208.3,17101.95,,-0.621858911,4,,0.850171138,5,,-0.047947749,4
31-Jan-22,17301.05,17339.85,,0.223762028,5,,0.53609463,5,,1.371984187,6
